{
    "feature_statistics": {
        "Elbow Angle": {
            "mean": 133.90672449299447,
            "std": 46.36965630981538,
            "min": 0.04188124957510979,
            "max": 179.99546005391846
        },
        "Shoulder Angle": {
            "mean": 48.89618738892052,
            "std": 59.59751775728349,
            "min": 2.0131685674646436e-05,
            "max": 179.9963464289268
        },
        "Knee Angle": {
            "mean": 170.82521618417533,
            "std": 12.597696004563682,
            "min": 1.4046257703037233,
            "max": 179.9957923106022
        },
        "Wrist Height": {
            "mean": 0.436060665081155,
            "std": 0.14903447640194542,
            "min": 0.017640676349401474,
            "max": 0.7247782945632935
        },
        "Elbow Height": {
            "mean": 0.43470558027426404,
            "std": 0.1103394822462884,
            "min": 0.1005939468741417,
            "max": 0.647716224193573
        },
        "Shoulder Height": {
            "mean": 0.3889647143207179,
            "std": 0.07481091416687805,
            "min": 0.1713777333498001,
            "max": 0.5758562088012695
        },
        "Horizontal Distance": {
            "mean": -0.02193088731268931,
            "std": 0.031095105590605535,
            "min": -0.09598809480667114,
            "max": 0.11204028129577637
        },
        "Depth": {
            "mean": -0.014770298354994155,
            "std": 0.13173759519650124,
            "min": -0.37827235367149115,
            "max": 0.36958337016403675
        },
        "Shot Arc": {
            "mean": 0.48176093903156614,
            "std": 1.778961753683263,
            "min": -3.1398205483295767,
            "max": 3.1378336809294556
        },
        "Release X": {
            "mean": -0.02193088731268931,
            "std": 0.031095105590605535,
            "min": -0.09598809480667114,
            "max": 0.11204028129577637
        },
        "Release Y": {
            "mean": 0.047095950760437086,
            "std": 0.11116377839567479,
            "min": -0.19368702173233032,
            "max": 0.26907481253147125
        },
        "Release Z": {
            "mean": -0.014770298354994155,
            "std": 0.13173759519650124,
            "min": -0.37827235367149115,
            "max": 0.36958337016403675
        }
    },
    "feature_names": [
        "Elbow Angle",
        "Shoulder Angle",
        "Knee Angle",
        "Wrist Height",
        "Elbow Height",
        "Shoulder Height",
        "Horizontal Distance",
        "Depth",
        "Shot Arc",
        "Release X",
        "Release Y",
        "Release Z"
    ],
    "timestamp": "2025-05-09 10:08:57"
}