{
    "feature_statistics": {
        "Elbow Angle": {
            "mean": 149.65415309542166,
            "std": 23.54057027366485,
            "min": 91.86720785416601,
            "max": 179.2560344137614
        },
        "Shoulder Angle": {
            "mean": 50.16194950924126,
            "std": 63.08770392254196,
            "min": 1.2639315712082122,
            "max": 174.3391044090344
        },
        "Knee Angle": {
            "mean": 166.14693306912392,
            "std": 11.794202698167414,
            "min": 146.64045173871307,
            "max": 179.4807192402873
        },
        "Wrist Height": {
            "mean": 0.7008672257264456,
            "std": 0.39759572501116464,
            "min": 0.07322803139686584,
            "max": 1.5317528247833252
        },
        "Elbow Height": {
            "mean": 0.6585221399863561,
            "std": 0.3410740903073794,
            "min": 0.15461492538452148,
            "max": 1.4091731309890747
        },
        "Shoulder Height": {
            "mean": 0.5524016658465067,
            "std": 0.2663948716035229,
            "min": 0.22525528073310852,
            "max": 0.9820708632469177
        },
        "Horizontal Distance": {
            "mean": -0.017769244313240052,
            "std": 0.044971387896587826,
            "min": -0.06392282247543335,
            "max": 0.12087732553482056
        },
        "Depth": {
            "mean": 0.07498114146292209,
            "std": 0.17323715849831203,
            "min": -0.15127021074295044,
            "max": 0.534415066242218
        },
        "Shot Arc": {
            "mean": 0.45417484393081203,
            "std": 1.6862434329488727,
            "min": -2.071013608175749,
            "max": 1.9204369744042804
        },
        "Release X": {
            "mean": -0.017769244313240052,
            "std": 0.044971387896587826,
            "min": -0.06392282247543335,
            "max": 0.12087732553482056
        },
        "Release Y": {
            "mean": 0.14846555987993876,
            "std": 0.2838733299347257,
            "min": -0.33991461992263794,
            "max": 0.6778755784034729
        },
        "Release Z": {
            "mean": 0.07498114146292209,
            "std": 0.17323715849831203,
            "min": -0.15127021074295044,
            "max": 0.534415066242218
        }
    },
    "feature_names": [
        "Elbow Angle",
        "Shoulder Angle",
        "Knee Angle",
        "Wrist Height",
        "Elbow Height",
        "Shoulder Height",
        "Horizontal Distance",
        "Depth",
        "Shot Arc",
        "Release X",
        "Release Y",
        "Release Z"
    ],
    "timestamp": "2025-05-09 16:32:46"
}