{
    "timestamp": "2025-05-09 18:40:09",
    "similarity_score": 74.62970639196148,
    "feature_analysis": {
        "elbow_angle": {
            "value": 176.14103021344835,
            "reference_mean": 164.26926792750822,
            "reference_std": 24.05188430428252,
            "score": 78.13009621569353,
            "z_score": 0.49358969699626876
        },
        "shoulder_angle": {
            "value": 2.4747130635625822,
            "reference_mean": 8.609610798225205,
            "reference_std": 21.096344380709333,
            "score": 86.46746977424122,
            "z_score": 0.2908038295142936
        },
        "knee_angle": {
            "value": 162.28152756513413,
            "reference_mean": 171.52883460632944,
            "reference_std": 7.6269049555463235,
            "score": 54.54035306047113,
            "z_score": 1.21245867033791
        },
        "wrist_height": {
            "value": 0.19169586896896362,
            "reference_mean": 0.1901130847773462,
            "reference_std": 0.08835526376753824,
            "score": 99.10830617472487,
            "z_score": 0.017913864144887943
        },
        "elbow_height": {
            "value": 0.10215359926223755,
            "reference_mean": 0.10924991431101314,
            "reference_std": 0.04891828730349478,
            "score": 93.00356749522834,
            "z_score": 0.14506466681364408
        },
        "horizontal_distance": {
            "value": 0.008647531270980835,
            "reference_mean": -0.008187472262367044,
            "reference_std": 0.017763394385244134,
            "score": 62.2589513201925,
            "z_score": 0.9477357293453184
        },
        "depth": {
            "value": -0.06845462322235107,
            "reference_mean": 0.017495853369528393,
            "reference_std": 0.08477901043677398,
            "score": 60.235461853102876,
            "z_score": 1.0138178795561565
        },
        "shot_arc": {
            "value": 1.5257162077677704,
            "reference_mean": 1.4159188414696655,
            "reference_std": 0.8437796233894805,
            "score": 93.70085971016302,
            "z_score": 0.1301256433013238
        },
        "release_x": {
            "value": 0.008647531270980835,
            "reference_mean": -0.008187472262367044,
            "reference_std": 0.017763394385244134,
            "score": 62.2589513201925,
            "z_score": 0.9477357293453184
        },
        "release_y": {
            "value": 0.19169586896896362,
            "reference_mean": 0.1901130847773462,
            "reference_std": 0.08835526376753824,
            "score": 99.10830617472487,
            "z_score": 0.017913864144887943
        },
        "release_z": {
            "value": -0.06845462322235107,
            "reference_mean": 0.017495853369528393,
            "reference_std": 0.08477901043677398,
            "score": 60.235461853102876,
            "z_score": 1.0138178795561565
        }
    },
    "recommendations": [],
    "method": "ml",
    "anomaly_score": -0.4426315490350148
}