{
    "overall_similarity": 61.686968111728994,
    "stages": {
        "stance": {
            "timestamp": "2025-05-10 18:58:18",
            "similarity_score": 72.89816158455635,
            "feature_analysis": {
                "elbow_angle": {
                    "value": 128.9374207418605,
                    "reference_mean": 157.5784670323965,
                    "reference_std": 36.40886222430552,
                    "score": 67.48092615342483,
                    "z_score": 0.7866504070928106
                },
                "shoulder_angle": {
                    "value": 4.32009197218575,
                    "reference_mean": 7.734174422969168,
                    "reference_std": 14.75223278966318,
                    "score": 89.0729853495321,
                    "z_score": 0.23142818442884447
                },
                "knee_angle": {
                    "value": 168.03794629173652,
                    "reference_mean": 172.23556720097798,
                    "reference_std": 9.334653923089597,
                    "score": 79.86434040951808,
                    "z_score": 0.44968147119610946
                },
                "wrist_height": {
                    "value": 0.12887641787528992,
                    "reference_mean": 0.17178730957391786,
                    "reference_std": 0.05901867966499347,
                    "score": 69.5213332509124,
                    "z_score": 0.7270730545346349
                },
                "elbow_height": {
                    "value": 0.09773227572441101,
                    "reference_mean": 0.0988404260175984,
                    "reference_std": 0.034125908951877205,
                    "score": 98.38948947969072,
                    "z_score": 0.032472403731430455
                },
                "depth": {
                    "value": 0.04906393587589264,
                    "reference_mean": -0.014459711187178405,
                    "reference_std": 0.08429402707510529,
                    "score": 68.60546208191364,
                    "z_score": 0.7535960644811996
                },
                "shot_arc": {
                    "value": 1.3414459343375265,
                    "reference_mean": 1.5215606941587787,
                    "reference_std": 0.5140175166287538,
                    "score": 83.92866789964073,
                    "z_score": 0.35040587916644694
                },
                "release_y": {
                    "value": 0.12887641787528992,
                    "reference_mean": 0.17178730957391786,
                    "reference_std": 0.05901867966499347,
                    "score": 69.5213332509124,
                    "z_score": 0.7270730545346349
                }
            },
            "recommendations": [],
            "anomaly_score": -0.4661067656103089,
            "stage": "stance"
        },
        "release": {
            "timestamp": "2025-05-10 18:58:18",
            "similarity_score": 55.361791521041134,
            "feature_analysis": {
                "elbow_angle": {
                    "value": 123.33201253394004,
                    "reference_mean": 157.5784670323965,
                    "reference_std": 36.40886222430552,
                    "score": 62.48124044183348,
                    "z_score": 0.9406076544626132
                },
                "shoulder_angle": {
                    "value": 107.3912742349491,
                    "reference_mean": 7.734174422969168,
                    "reference_std": 14.75223278966318,
                    "score": 3.4126008503121095,
                    "z_score": 6.755390945417374
                },
                "knee_angle": {
                    "value": 145.02551780801454,
                    "reference_mean": 172.23556720097798,
                    "reference_std": 9.334653923089597,
                    "score": 23.282341302273508,
                    "z_score": 2.914949993556635
                },
                "wrist_height": {
                    "value": -0.07192689180374146,
                    "reference_mean": 0.17178730957391786,
                    "reference_std": 0.05901867966499347,
                    "score": 12.685369200994392,
                    "z_score": 4.129441776079188
                },
                "elbow_height": {
                    "value": -0.01300385594367981,
                    "reference_mean": 0.0988404260175984,
                    "reference_std": 0.034125908951877205,
                    "score": 19.423230075413215,
                    "z_score": 3.2774008193890425
                },
                "depth": {
                    "value": 0.10334055963903666,
                    "reference_mean": -0.014459711187178405,
                    "reference_std": 0.08429402707510529,
                    "score": 49.720828749566905,
                    "z_score": 1.3974925023009752
                },
                "shot_arc": {
                    "value": -0.9272932291636339,
                    "reference_mean": 1.5215606941587787,
                    "reference_std": 0.5140175166287538,
                    "score": 9.235897031542105,
                    "z_score": 4.764144886313442
                },
                "release_y": {
                    "value": -0.07192689180374146,
                    "reference_mean": 0.17178730957391786,
                    "reference_std": 0.05901867966499347,
                    "score": 12.685369200994392,
                    "z_score": 4.129441776079188
                }
            },
            "recommendations": [
                {
                    "feature": "shoulder_angle",
                    "action": "decrease",
                    "current": 107.3912742349491,
                    "target": 7.734174422969168,
                    "importance": "high"
                },
                {
                    "feature": "knee_angle",
                    "action": "increase",
                    "current": 145.02551780801454,
                    "target": 172.23556720097798,
                    "importance": "high"
                },
                {
                    "feature": "wrist_height",
                    "action": "increase",
                    "current": -0.07192689180374146,
                    "target": 0.17178730957391786,
                    "importance": "high"
                },
                {
                    "feature": "elbow_height",
                    "action": "increase",
                    "current": -0.01300385594367981,
                    "target": 0.0988404260175984,
                    "importance": "high"
                },
                {
                    "feature": "shot_arc",
                    "action": "increase",
                    "current": -0.9272932291636339,
                    "target": 1.5215606941587787,
                    "importance": "high"
                },
                {
                    "feature": "release_y",
                    "action": "increase",
                    "current": -0.07192689180374146,
                    "target": 0.17178730957391786,
                    "importance": "high"
                }
            ],
            "anomaly_score": -0.7412805139118096,
            "stage": "release"
        },
        "follow_through": {
            "timestamp": "2025-05-10 18:58:18",
            "similarity_score": 56.800951229589515,
            "feature_analysis": {
                "elbow_angle": {
                    "value": 160.54253994076362,
                    "reference_mean": 157.5784670323965,
                    "reference_std": 36.40886222430552,
                    "score": 96.01119595795308,
                    "z_score": 0.08141075351671889
                },
                "shoulder_angle": {
                    "value": 158.98370535748938,
                    "reference_mean": 7.734174422969168,
                    "reference_std": 14.75223278966318,