{
    "timestamp": "2025-05-09 18:40:48",
    "similarity_score": 73.70236784909328,
    "feature_analysis": {
        "elbow_angle": {
            "value": 147.8260405362417,
            "reference_mean": 164.26926792750822,
            "reference_std": 24.05188430428252,
            "score": 71.04702123304708,
            "z_score": 0.6836565145267541
        },
        "shoulder_angle": {
            "value": 12.5041823207531,
            "reference_mean": 8.609610798225205,
            "reference_std": 21.096344380709333,
            "score": 91.18275318194792,
            "z_score": 0.1846088332767796
        },
        "knee_angle": {
            "value": 177.3409647638713,
            "reference_mean": 171.52883460632944,
            "reference_std": 7.6269049555463235,
            "score": 68.31586948590203,
            "z_score": 0.7620561933599634
        },
        "wrist_height": {
            "value": 0.11603760719299316,
            "reference_mean": 0.1901130847773462,
            "reference_std": 0.08835526376753824,
            "score": 65.75785305531299,
            "z_score": 0.8383821679175202
        },
        "elbow_height": {
            "value": 0.0731613039970398,
            "reference_mean": 0.10924991431101314,
            "reference_std": 0.04891828730349478,
            "score": 69.15178953078221,
            "z_score": 0.7377324984841636
        },
        "horizontal_distance": {
            "value": 0.010204941034317017,
            "reference_mean": -0.008187472262367044,
            "reference_std": 0.017763394385244134,
            "score": 59.58862524146438,
            "z_score": 1.0354109635691278
        },
        "depth": {
            "value": -0.041670285165309906,
            "reference_mean": 0.017495853369528393,
            "reference_std": 0.08477901043677398,
            "score": 70.5433113923618,
            "z_score": 0.6978866376243315
        },
        "shot_arc": {
            "value": 1.48307689518257,
            "reference_mean": 1.4159188414696655,
            "reference_std": 0.8437796233894805,
            "score": 96.09854909827821,
            "z_score": 0.07959193591702189
        },
        "release_x": {
            "value": 0.010204941034317017,
            "reference_mean": -0.008187472262367044,
            "reference_std": 0.017763394385244134,
            "score": 59.58862524146438,
            "z_score": 1.0354109635691278
        },
        "release_y": {
            "value": 0.11603760719299316,
            "reference_mean": 0.1901130847773462,
            "reference_std": 0.08835526376753824,
            "score": 65.75785305531299,
            "z_score": 0.8383821679175202
        },
        "release_z": {
            "value": -0.041670285165309906,
            "reference_mean": 0.017495853369528393,
            "reference_std": 0.08477901043677398,
            "score": 70.5433113923618,
            "z_score": 0.6978866376243315
        }
    },
    "recommendations": [],
    "method": "ml",
    "anomaly_score": -0.45513525909867947
}