{
    "overall_similarity": 65.46450489615297,
    "stages": {
        "stance": {
            "timestamp": "2025-05-10 18:19:41",
            "similarity_score": 57.05279800115719,
            "feature_analysis": {
                "elbow_angle": {
                    "value": 174.598852876719,
                    "reference_mean": 164.26926792750822,
                    "reference_std": 24.05188430428252,
                    "score": 80.67548297113294,
                    "z_score": 0.42947092288197836
                },
                "shoulder_angle": {
                    "value": 152.10361942584396,
                    "reference_mean": 8.609610798225205,
                    "reference_std": 21.096344380709333,
                    "score": 3.3342541502600533,
                    "z_score": 6.801842349465571
                },
                "knee_angle": {
                    "value": 177.59112741613663,
                    "reference_mean": 171.52883460632944,
                    "reference_std": 7.6269049555463235,
                    "score": 67.20462557902908,
                    "z_score": 0.7948562156132102
                },
                "wrist_height": {
                    "value": -0.08949655294418335,
                    "reference_mean": 0.1901130847773462,
                    "reference_std": 0.08835526376753824,
                    "score": 20.550123699368076,
                    "z_score": 3.16460645125999
                },
                "elbow_height": {
                    "value": -0.043154239654541016,
                    "reference_mean": 0.10924991431101314,
                    "reference_std": 0.04891828730349478,
                    "score": 21.061106750252215,
                    "z_score": 3.1154842568387755
                },
                "depth": {
                    "value": -0.24158185720443726,
                    "reference_mean": 0.017495853369528393,
                    "reference_std": 0.08477901043677398,
                    "score": 21.697805953713218,
                    "z_score": 3.0559180773545265
                },
                "shot_arc": {
                    "value": -2.085995808648378,
                    "reference_mean": 1.4159188414696655,
                    "reference_std": 0.8437796233894805,
                    "score": 12.553937492595765,
                    "z_score": 4.150271650375697
                },
                "release_y": {
                    "value": -0.08949655294418335,
                    "reference_mean": 0.1901130847773462,
                    "reference_std": 0.08835526376753824,
                    "score": 20.550123699368076,
                    "z_score": 3.16460645125999
                }
            },
            "recommendations": [
                {
                    "feature": "shoulder_angle",
                    "action": "decrease",
                    "current": 152.10361942584396,
                    "target": 8.609610798225205,
                    "importance": "high"
                },
                {
                    "feature": "wrist_height",
                    "action": "increase",
                    "current": -0.08949655294418335,
                    "target": 0.1901130847773462,
                    "importance": "high"
                },
                {
                    "feature": "elbow_height",
                    "action": "increase",
                    "current": -0.043154239654541016,
                    "target": 0.10924991431101314,
                    "importance": "high"
                },
                {
                    "feature": "depth",
                    "action": "increase",
                    "current": -0.24158185720443726,
                    "target": 0.017495853369528393,
                    "importance": "high"
                },
                {
                    "feature": "shot_arc",
                    "action": "increase",
                    "current": -2.085995808648378,
                    "target": 1.4159188414696655,
                    "importance": "high"
                },
                {
                    "feature": "release_y",
                    "action": "increase",
                    "current": -0.08949655294418335,
                    "target": 0.1901130847773462,
                    "importance": "high"
                }
            ],
            "anomaly_score": -0.7111930661647422,
            "stage": "stance"
        },
        "bend": {
            "timestamp": "2025-05-10 18:19:41",
            "similarity_score": 73.5948592086147,
            "feature_analysis": {
                "elbow_angle": {
                    "value": 150.22241037418692,
                    "reference_mean": 164.26926792750822,
                    "reference_std": 24.05188430428252,
                    "score": 74.67598872332259,
                    "z_score": 0.5840231632421503
                },
                "shoulder_angle": {
                    "value": 10.302282396059743,
                    "reference_mean": 8.609610798225205,
                    "reference_std": 21.096344380709333,
                    "score": 96.06764071583346,
                    "z_score": 0.08023530367575582
                },
                "knee_angle": {
                    "value": 177.62799500616353,
                    "reference_mean": 171.52883460632944,
                    "reference_std": 7.6269049555463235,
                    "score": 67.0423919592178,
                    "z_score": 0.799690101736321
                },
                "wrist_height": {
                    "value": 0.1158636212348938,
                    "reference_mean": 0.1901130847773462,
                    "reference_std": 0.08835526376753824,
                    "score": 65.69314093656081,
                    "z_score": 0.8403513313909848
                },
                "elbow_height": {
                    "value": 0.07258886098861694,
                    "reference_mean": 0.10924991431101314,
                    "reference_std": 0.04891828730349478,
                    "score": 68.74836293264582,
                    "z_score": 0.7494345232274123
                },
                "depth": {
                    "value": -0.047338902950286865,
                    "reference_mean": 0.017495853369528393,
                    "reference_std": 0.08477901043677398,
                    "score": 68.22391329980583,
                    "z_score": 0.7647500954044204
                },
                "shot_arc": {
                    "value": 1.4823897096248846,
                    "reference_mean": 1.4159188414696655,
                    "reference_std": 0.8437796233894805,
                    "score": 96.13768904697747,
                    "z_score": 0.07877752236799011
                },
                "release_y": {
                    "value": 0.1158636212348938,
                    "reference_mean": 0.1901130847773462,
                    "reference_std": 0.08835526376753824,
                    "score": 65.69314093656081,
                    "z_score": 0.8403513313909848
                }
            },
            "recommendations": [],
            "anomaly_score": -0.45659501040176503,
            "stage": "bend"
        },
        "release": {
            "timestamp": "2025-05-10 18:19:41",
            "similarity_score": 73.71944836746302,
            "feature_analysis": {
                "elbow_angle": {
                    "value": 147.8260405362417,
                    "reference_mean": 164.26926792750822,
                    "reference_std": 24.05188430428252,
                    "score": 71.04702123304708,
                    "z_score": 0.6836565145267541
                },
                "shoulder_angle": {
                    "value": 12.5041823207531,
                    "reference_mean": 8.609610798225205,
                    "reference_std": 21.096344380709333,