{
    "overall_similarity": 61.02426042644611,
    "stages": {
        "stance": {
            "timestamp": "2025-05-10 18:43:51",
            "similarity_score": 64.79873368884513,
            "feature_analysis": {
                "elbow_angle": {
                    "value": 165.96545672984806,
                    "reference_mean": 164.26926792750822,
                    "reference_std": 24.05188430428252,
                    "score": 96.53533896575517,
                    "z_score": 0.07052207556302859
                },
                "shoulder_angle": {
                    "value": 142.71502710352058,
                    "reference_mean": 8.609610798225205,
                    "reference_std": 21.096344380709333,
                    "score": 4.165207331494574,
                    "z_score": 6.356808264275513
                },
                "knee_angle": {
                    "value": 173.38548896116023,
                    "reference_mean": 171.52883460632944,
                    "reference_std": 7.6269049555463235,
                    "score": 88.53985309712084,
                    "z_score": 0.24343483571020855
                },
                "wrist_height": {
                    "value": 0.04374736547470093,
                    "reference_mean": 0.1901130847773462,
                    "reference_std": 0.08835526376753824,
                    "score": 43.68001254256263,
                    "z_score": 1.6565591348098052
                },
                "elbow_height": {
                    "value": 0.029937446117401123,
                    "reference_mean": 0.10924991431101314,
                    "reference_std": 0.04891828730349478,
                    "score": 44.45633270734986,
                    "z_score": 1.6213255321378726
                },
                "depth": {
                    "value": -0.05414905771613121,
                    "reference_mean": 0.017495853369528393,
                    "reference_std": 0.08477901043677398,
                    "score": 65.53805606163637,
                    "z_score": 0.8450784069848343
                },
                "shot_arc": {
                    "value": 2.818986386502469,
                    "reference_mean": 1.4159188414696655,
                    "reference_std": 0.8437796233894805,
                    "score": 43.543130051563196,
                    "z_score": 1.6628364873243222
                },
                "release_y": {
                    "value": 0.04374736547470093,
                    "reference_mean": 0.1901130847773462,
                    "reference_std": 0.08835526376753824,
                    "score": 43.68001254256263,
                    "z_score": 1.6565591348098052
                }
            },
            "recommendations": [
                {
                    "feature": "wrist_height",
                    "action": "increase",
                    "current": 0.04374736547470093,
                    "target": 0.1901130847773462,
                    "importance": "medium"
                },
                {
                    "feature": "elbow_height",
                    "action": "increase",
                    "current": 0.029937446117401123,
                    "target": 0.10924991431101314,
                    "importance": "medium"
                },
                {
                    "feature": "shot_arc",
                    "action": "decrease",
                    "current": 2.818986386502469,
                    "target": 1.4159188414696655,
                    "importance": "medium"
                },
                {
                    "feature": "release_y",
                    "action": "increase",
                    "current": 0.04374736547470093,
                    "target": 0.1901130847773462,
                    "importance": "medium"
                },
                {
                    "feature": "shoulder_angle",
                    "action": "decrease",
                    "current": 142.71502710352058,
                    "target": 8.609610798225205,
                    "importance": "high"
                }
            ],
            "anomaly_score": -0.5838841246596163,
            "stage": "stance"
        },
        "release": {
            "timestamp": "2025-05-10 18:43:51",
            "similarity_score": 59.08413074877025,
            "feature_analysis": {
                "elbow_angle": {
                    "value": 156.2301859720945,
                    "reference_mean": 164.26926792750822,
                    "reference_std": 24.05188430428252,
                    "score": 84.60984226965746,
                    "z_score": 0.33423917451583407
                },
                "shoulder_angle": {
                    "value": 24.64409924301679,
                    "reference_mean": 8.609610798225205,
                    "reference_std": 21.096344380709333,
                    "score": 68.38408785271469,
                    "z_score": 0.7600600443105039
                },
                "knee_angle": {
                    "value": 126.87153078386613,
                    "reference_mean": 171.52883460632944,
                    "reference_std": 7.6269049555463235,
                    "score": 5.35244679620301,
                    "z_score": 5.855232769091778
                },
                "wrist_height": {
                    "value": -0.01107722520828247,
                    "reference_mean": 0.1901130847773462,
                    "reference_std": 0.08835526376753824,
                    "score": 32.02893690541522,
                    "z_score": 2.277060827014882
                },
                "elbow_height": {
                    "value": 0.0003628730773925781,
                    "reference_mean": 0.10924991431101314,
                    "reference_std": 0.04891828730349478,
                    "score": 32.85887807072081,
                    "z_score": 2.2258964333332565
                },
                "depth": {
                    "value": -0.1520382184535265,
                    "reference_mean": 0.017495853369528393,
                    "reference_std": 0.08477901043677398,
                    "score": 36.793140559931956,
                    "z_score": 1.9997175120307527
                },
                "shot_arc": {
                    "value": -0.13634751364386472,
                    "reference_mean": 1.4159188414696655,
                    "reference_std": 0.8437796233894805,
                    "score": 39.85870942997471,
                    "z_score": 1.8396584985994846
                },
                "release_y": {
                    "value": -0.01107722520828247,
                    "reference_mean": 0.1901130847773462,
                    "reference_std": 0.08835526376753824,
                    "score": 32.02893690541522,
                    "z_score": 2.277060827014882
                }
            },
            "recommendations": [
                {
                    "feature": "depth",
                    "action": "increase",
                    "current": -0.1520382184535265,
                    "target": 0.017495853369528393,
                    "importance": "medium"
                },
                {
                    "feature": "shot_arc",
                    "action": "increase",
                    "current": -0.13634751364386472,
                    "target": 1.4159188414696655,
                    "importance": "medium"
                },
                {
                    "feature": "knee_angle",
                    "action": "increase",
                    "current": 126.87153078386613,
                    "target": 171.52883460632944,
                    "importance": "high"
                },
                {
                    "feature": "wrist_height",
                    "action": "increase",
                    "current": -0.01107722520828247,
                    "target": 0.1901130847773462,