{
    "timestamp": "2025-05-10 18:00:57",
    "similarity_score": 63.805006030788626,
    "feature_analysis": {
        "elbow_angle": {
            "value": 152.29239340847616,
            "reference_mean": 164.26926792750822,
            "reference_std": 24.05188430428252,
            "score": 77.95955941356645,
            "z_score": 0.49795992561379243
        },
        "shoulder_angle": {
            "value": 21.77738910307129,
            "reference_mean": 8.609610798225205,
            "reference_std": 21.096344380709333,
            "score": 73.19180455400554,
            "z_score": 0.6241734618670146
        },
        "knee_angle": {
            "value": 152.71775813971436,
            "reference_mean": 171.52883460632944,
            "reference_std": 7.6269049555463235,
            "score": 29.135724491364197,
            "z_score": 2.4664102380003525
        },
        "wrist_height": {
            "value": 0.04831010103225708,
            "reference_mean": 0.1901130847773462,
            "reference_std": 0.08835526376753824,
            "score": 44.822534411736434,
            "z_score": 1.6049183455348088
        },
        "elbow_height": {
            "value": 0.00788813829421997,
            "reference_mean": 0.10924991431101314,
            "reference_std": 0.04891828730349478,
            "score": 35.4860143410716,
            "z_score": 2.072063058707122
        },
        "horizontal_distance": {
            "value": 0.139054536819458,
            "reference_mean": -0.008187472262367044,
            "reference_std": 0.017763394385244134,
            "score": 1.5850809509016672,
            "z_score": 8.28906941367791
        },
        "depth": {
            "value": -0.034294458106160164,
            "reference_mean": 0.017495853369528393,
            "reference_std": 0.08477901043677398,
            "score": 73.67968971189846,
            "z_score": 0.6108860106867189
        },
        "shot_arc": {
            "value": 0.33437308080487804,
            "reference_mean": 1.4159188414696655,
            "reference_std": 0.8437796233894805,
            "score": 52.68214960136214,
            "z_score": 1.2817870101202435
        },
        "release_x": {
            "value": 0.139054536819458,
            "reference_mean": -0.008187472262367044,
            "reference_std": 0.017763394385244134,
            "score": 1.5850809509016672,
            "z_score": 8.28906941367791
        },
        "release_y": {
            "value": 0.04831010103225708,
            "reference_mean": 0.1901130847773462,
            "reference_std": 0.08835526376753824,
            "score": 44.822534411736434,
            "z_score": 1.6049183455348088
        },
        "release_z": {
            "value": -0.034294458106160164,
            "reference_mean": 0.017495853369528393,
            "reference_std": 0.08477901043677398,
            "score": 73.67968971189846,
            "z_score": 0.6108860106867189
        }
    },
    "recommendations": [
        {
            "feature": "wrist_height",
            "action": "increase",
            "current": 0.04831010103225708,
            "target": 0.1901130847773462,
            "importance": "medium"
        },
        {
            "feature": "release_y",
            "action": "increase",
            "current": 0.04831010103225708,
            "target": 0.1901130847773462,
            "importance": "medium"
        },
        {
            "feature": "knee_angle",
            "action": "increase",
            "current": 152.71775813971436,
            "target": 171.52883460632944,
            "importance": "high"
        },
        {
            "feature": "elbow_height",
            "action": "increase",
            "current": 0.00788813829421997,
            "target": 0.10924991431101314,
            "importance": "high"
        },
        {
            "feature": "horizontal_distance",
            "action": "decrease",
            "current": 0.139054536819458,
            "target": -0.008187472262367044,
            "importance": "high"
        },
        {
            "feature": "release_x",
            "action": "decrease",
            "current": 0.139054536819458,
            "target": -0.008187472262367044,
            "importance": "high"
        }
    ],
    "method": "ml",
    "anomaly_score": -0.5993385342830961
}